epoch,loss,val_loss
0,117.059321663,0.00905317671499
1,0.042608535631,0.00926893116805
2,0.0409198377502,0.0094923561968
3,0.0399537760052,0.00951802833316
4,0.0396303207831,0.00966506074912
